{
  "1999_08_26": {
    "photo_id": "1999_08_26",
    "quality": {
      "sharpness_variance": 324.7605695546778,
      "noise_level": 0.5624046921730042,
      "is_rejected": false,
      "flags": {
        "REJECTED_BLUR": false,
        "REJECTED_NOISE": false
      }
    },
    "texture": {
      "lbp_complexity": 3.3225597688746378,
      "lbp_uniformity": 0.4240277777777777,
      "specular_gloss": 0.9450980424880981,
      "silicone_probability": 0.6559919968794716,
      "reliability_weight": 0.42397192437709924,
      "pore_density": 0.0325880260432535,
      "wrinkle_forehead": 0.9715506133791972,
      "wrinkle_nasolabial": 0.5056912056953298,
      "global_smoothness": 0.30097267426013197,
      "quality": {
        "quality_index": 0.542684063202687,
        "sharpness_score": 0.6488907423778075,
        "jpeg_score": 0.0,
        "noise_score": 0.9437592208385468,
        "laplacian_var": 324.4453711889038,
        "blockiness": 73.80796085858586,
        "noise_level": 0.5624077916145325
      }
    },
    "reconstruction_summary": {
      "vertex_count": 35709,
      "pose": [
        20.983001708984375,
        -37.853965759277344,
        -1.009718418121338
      ]
    },
    "md5": "ce8487dd021eaf6c27f726e76d92e209",
    "resolution": "800x800",
    "source": "real_dataset",
    "syntheticProb": 0.6559919968794716
  },
  "1999_09_01-2": {
    "photo_id": "1999_09_01-2",
    "quality": {
      "sharpness_variance": 168.68607369027342,
      "noise_level": 1.4654624462127686,
      "is_rejected": false,
      "flags": {
        "REJECTED_BLUR": false,
        "REJECTED_NOISE": false
      }
    },
    "texture": {
      "lbp_complexity": 3.30502933226329,
      "lbp_uniformity": 0.5156888888888889,
      "specular_gloss": 0.7960784435272217,
      "silicone_probability": 0.5644429724374568,
      "reliability_weight": 0.3054120440389289,
      "pore_density": 2.4288741458266268,
      "wrinkle_forehead": 5.718782726419033,
      "wrinkle_nasolabial": 33.63963282077852,
      "global_smoothness": 0.30256908393188586,
      "quality": {
        "quality_index": 0.390927416369829,
        "sharpness_score": 0.337243575566792,
        "jpeg_score": 0.0,
        "noise_score": 0.8534332871437073,
        "laplacian_var": 168.621787783396,
        "blockiness": 88.71179924242423,
        "noise_level": 1.4656671285629272
      }
    },
    "reconstruction_summary": {
      "vertex_count": 35709,
      "pose": [
        24.53743553161621,
        -6.8804779052734375,
        -0.6823632121086121
      ]
    },
    "md5": "e8b9dd0ac1f2b6f04e5b7e6587bc4a9d",
    "resolution": "800x800",
    "source": "real_dataset",
    "syntheticProb": 0.5644429724374568
  },
  "1999_08_16": {
    "photo_id": "1999_08_16",
    "quality": {
      "sharpness_variance": 196.9771043978296,
      "noise_level": 1.9241687059402466,
      "is_rejected": false,
      "flags": {
        "REJECTED_BLUR": false,
        "REJECTED_NOISE": false
      }
    },
    "texture": {
      "lbp_complexity": 3.358423653644958,
      "lbp_uniformity": 0.5777944444444444,
      "specular_gloss": 0.7921568751335144,
      "silicone_probability": 0.5501542339129436,
      "reliability_weight": 0.31237149909253226,
      "pore_density": 1.7357005472227625,
      "wrinkle_forehead": 6.957730743769704,
      "wrinkle_nasolabial": 6.78378284234093,
      "global_smoothness": 0.29775865268100693,
      "quality": {
        "quality_index": 0.39983551883844126,
        "sharpness_score": 0.3939049726761279,
        "jpeg_score": 0.0,
        "noise_score": 0.8075784325599671,
        "laplacian_var": 196.95248633806395,
        "blockiness": 104.28623737373738,
        "noise_level": 1.9242156744003296
      }
    },
    "reconstruction_summary": {
      "vertex_count": 35709,
      "pose": [
        20.41448402404785,
        45.95502853393555,
        0.8066281080245972
      ]
    },
    "md5": "ccc1083dda3dbf74f160b400e254e5d1",
    "resolution": "800x800",
    "source": "real_dataset",
    "syntheticProb": 0.5501542339129436
  },
  "1": {
    "photo_id": "1",
    "quality": {
      "sharpness_variance": 116.58319238988501,
      "noise_level": 1.7365413904190063,
      "is_rejected": false,
      "flags": {
        "REJECTED_BLUR": false,
        "REJECTED_NOISE": false
      }
    },
    "texture": {
      "lbp_complexity": 3.2234156960245075,
      "lbp_uniformity": 0.6403516011201229,
      "specular_gloss": 0.929411768913269,
      "silicone_probability": 0.6081359364856705,
      "reliability_weight": 0.5786041246266187,
      "pore_density": 0.6738008972723876,
      "wrinkle_forehead": 2.9094180152599787,
      "wrinkle_nasolabial": 1.8346949192451112,
      "global_smoothness": 0.3102298257725464,
      "quality": {
        "quality_index": 0.3410999560262853,
        "sharpness_score": 0.23287078735880398,
        "jpeg_score": 0.0,
        "noise_score": 0.826505470275879,
        "laplacian_var": 116.435393679402,
        "blockiness": 119.74531527700297,
        "noise_level": 1.734945297241211
      }
    },
    "reconstruction_summary": {
      "vertex_count": 35709,
      "pose": [
        4.009169578552246,
        -4.232952117919922,
        0.44952988624572754
      ]
    },
    "md5": "45ac351de05fa79b17019080c553cb3c",
    "resolution": "1737x3088",
    "source": "real_dataset",
    "syntheticProb": 0.6081359364856705
  },
  "2": {
    "photo_id": "2",
    "quality": {
      "sharpness_variance": 105.723578707922,
      "noise_level": 1.6833174228668213,
      "is_rejected": false,
      "flags": {
        "REJECTED_BLUR": false,
        "REJECTED_NOISE": false
      }
    },
    "texture": {
      "lbp_complexity": 3.2031652073424817,
      "lbp_uniformity": 0.6461703007024134,
      "specular_gloss": 0.9372549057006836,
      "silicone_probability": 0.6109480530096911,
      "reliability_weight": 0.5665974017095358,
      "pore_density": 0.7032675605837141,
      "wrinkle_forehead": 2.353447939906011,
      "wrinkle_nasolabial": 1.736324720393353,
      "global_smoothness": 0.3121911056965269,
      "quality": {
        "quality_index": 0.3340217267418334,
        "sharpness_score": 0.21118674252043884,
        "jpeg_score": 0.0,
        "noise_score": 0.8318234324455261,
        "laplacian_var": 105.59337126021943,
        "blockiness": 119.39101975649382,
        "noise_level": 1.6817656755447388
      }
    },
    "reconstruction_summary": {
      "vertex_count": 35709,
      "pose": [
        4.199011325836182,
        -4.132450580596924,
        -0.4945361912250519
      ]
    },
    "md5": "045c7387a6cc874a216c591ae9c6457b",
    "resolution": "1737x3088",
    "source": "real_dataset",
    "syntheticProb": 0.6109480530096911
  },
  "2008_04_16 (1)": {
    "photo_id": "2008_04_16 (1)",
    "quality": {
      "sharpness_variance": 43.82799841159912,
      "noise_level": 0.5717265605926514,
      "is_rejected": true,
      "flags": {
        "REJECTED_BLUR": true,
        "REJECTED_NOISE": false
      }
    },
    "texture": {
      "lbp_complexity": 3.6975297940842404,
      "lbp_uniformity": 0.28953888888888885,
      "specular_gloss": 0.8078431487083435,
      "silicone_probability": 0.6141616105287724,
      "reliability_weight": 0.2482679299543357,
      "pore_density": 0.1372225844614657,
      "wrinkle_forehead": 1.6732860819871533,
      "wrinkle_nasolabial": 2.225166513037784,
      "global_smoothness": 0.270450756380426,
      "quality": {
        "quality_index": 0.3177829503415497,
        "sharpness_score": 0.08730815932116699,
        "jpeg_score": 0.0,
        "noise_score": 0.9428656220436096,
        "laplacian_var": 43.6540796605835,
        "blockiness": 108.24204545454546,
        "noise_level": 0.5713437795639038
      }
    },
    "reconstruction_summary": {
      "vertex_count": 35709,
      "pose": [
        11.993203163146973,
        2.9520153999328613,
        1.2625420093536377
      ]
    },